slug,title,category,date,image,alt,excerpt
banquet-hall-lighting-new-york,Banquet Hall Lighting Project in New York,projects,2026-09-28,assets/img/projects/banquet-hall-new-york-hero.webp,Banquet and wedding hall in New York glowing under a circular kinetic LED ball chandelier and crystal lights during a dinner event,"Lighting equipment supplied for a 900 m² banquet and wedding venue in New York, combining moving head lights and kinetic LED balls for different event settings."
outdoor-festival-beam-layout,"Lighting a 20,000-Person Outdoor Festival: Beam Layout and Backup DMX Plan",projects,2026-09-20,assets/img/solutions/stack-outdoor-stage.webp,Outdoor festival stage at night with colorful beams and smoke over a large crowd,"How we positioned 24 IP65 beam moving heads across three truss lines, kept sightlines clean around the delay towers, and ran a fully redundant DMX path so one cable fault could never black out the headline set."
nightclub-pixel-effects-retrofit,Nightclub Retrofit: Pixel-Mapped Effects Without Closing a Single Weekend,projects,2026-09-08,assets/img/solutions/stack-bar-nightclub.webp,Crowd dancing under crossing green and blue beams at a nightclub DJ set,"A 300-cap club wanted festival-grade pixel looks on a Tuesday-to-Sunday schedule. We swapped the rig in four overnight shifts, mapped every fixture into four layers, and left staff three one-button looks they actually use."
theater-quiet-operation-upgrade,Theater Upgrade: Replacing Hot Conventionals with Silent LED Movers,projects,2026-08-27,assets/img/solutions/stack-indoor-stage.webp,Indoor stage lit by pink and blue spotlights mounted on overhead trusses,"The brief: drop stage temperature, kill fan noise bleeding into the auditorium, and keep the lighting language the audience already loved. Lux plots before and after, plus the dimming curves we tuned for theatrical fades."
wedding-hall-fast-setup,Wedding Hall Turnaround: A 90-Minute Lighting Reset Between Events,projects,2026-08-15,assets/img/solutions/stack-multipurpose-hall.webp,"Banquet hall with chandeliers, floral arches and pink stage lighting prepared for an event","Lunch wedding out, corporate gala in — same room, same afternoon. The pre-rigged truss, color-coded circuits and three stored scenes that make a 90-minute flip realistic instead of frantic."
church-stage-lighting-renewal,Church Stage Renewal: Broadcast-Ready Lighting on a Volunteer Budget,projects,2026-08-02,assets/img/solutions/stack-church-stage.webp,Church auditorium stage with a glowing cross under purple and blue spotlights,"A 1,200-seat church needed camera-friendly key light and looks a volunteer team can run. How we hit 90+ CRI front light, added haze-safe beam texture, and built a one-page cheat sheet for Sunday operators."
multipurpose-hall-flexible-rig,"Multipurpose Hall: One Rig for Banquets, Conferences and Gala Shows",projects,2026-07-21,assets/img/solutions/solutions-multipurpose.jpg,Multipurpose hall set for a banquet under warm ambient stage lighting,"Three event types, one fixed budget, zero new rigging points. The fixture split — washes, profiles and a compact beam package — that lets the house crew reconfigure the room in under an hour."
outdoor-stage-ip65-coastal,Rain or Shine: IP65 Fixtures on a Coastal Outdoor Stage,projects,2026-07-09,assets/img/solutions/solutions-outdoor.jpg,Outdoor coastal stage with waterproof fixtures under an evening sky,"Salt air, sudden downpours and a hard curfew. Why every fixture on this seaside stage is IP65-rated, how we sealed the distro, and the corrosion checks scheduled between seasons."
nightlife-dj-booth-package,DJ Booth Package: Compact Beams and Lasers for a 300-Cap Club,projects,2026-06-24,assets/img/solutions/solutions-nightlife.jpg,Nightclub DJ booth framed by compact beam lights and laser effects,"Low ceiling, tight booth, big expectations. A symmetric beam-and-laser layout that reads huge from the dance floor, stays clear of the DJ's sightline, and installs with two clamps per fixture."
touring-rig-standardization,"Touring Rig Standardization: 40 Moving Heads, One Spare-Parts Kit",projects,2026-06-10,assets/img/solutions/solutions-performance.jpg,Concert stage with blue lighting beams during a live performance,"A regional tour carrying three fixture generations was burning money on spares. The consolidation plan — one moving head platform, one parts kit, one lamp type — that cut truck space and tech hours."
custom-gobo-project,Custom Gobo Project: From Artwork to Show-Ready Sets in 21 Days,projects,2026-05-28,assets/img/product-detail/pulse-2.webp,Beam moving head fixture used for custom gobo projection,"A rental house wanted its logo in steel and glass gobos across a 60-fixture fleet. The artwork prep, material choices and quality checks behind a 21-day custom turnaround — plus the files to send us to get started."
theater-stage-effects-equipment,Theater Stage Effects: How Do You Choose the Right Equipment?,blog,2026-09-15,assets/img/solutions/solutions-hero-stage.jpg,Theater stage with dramatic spotlights cutting through atmospheric haze,"Learn how to choose theater stage effects equipment for clear storytelling, repeatable cues, performer safety, and reliable control across every show."
dmx-signal-planning,"DMX Signal Planning: Universes, Splitters and Cable Runs That Never Drop",blog,2026-09-03,assets/img/product-detail/pulse-1.webp,Moving head fixture detail used to illustrate DMX signal planning,"How many fixtures per universe, when an opto-splitter stops being optional, and the termination habits that separate a rock-solid rig from one that glitches only during the headline set."
ip-ratings-explained,IP Ratings Explained: When IP65 Actually Matters for Stage Lights,blog,2026-08-22,assets/img/light/02.jpg,Outdoor-rated beam fixture with sealed die-cast housing,"IP20 vs IP44 vs IP65 in plain terms — what each digit really tests, which outdoor jobs genuinely need sealed fixtures, and where you can save budget without gambling on weather."
beam-angle-selection,Beam Angle Selection: Matching Optics to Throw Distance and Trim Height,blog,2026-08-10,assets/img/light/1.jpg,Moving head beam fixture optics close-up,"A 2° beam and a 25° wash solve different problems. A simple throw-distance formula, worked examples from real venues, and the trim-height mistakes that leave stages looking flat."
led-vs-discharge,"LED vs Discharge: Real Power, Heat and Lamp-Life Math for Moving Heads",blog,2026-07-29,assets/img/light/5.jpg,LED moving head fixture studio shot,"Discharge still wins some fights. The honest numbers on output per watt, color rendering, lamp replacement cost and heat load — so the spec sheet stops deciding for you."
pixel-mapping-basics,Pixel Mapping Basics: From Fixture Groups to Full-Stage Looks,blog,2026-07-16,assets/img/product-detail/pulse-4.webp,Pixel-mapped effect light array,"Start with groups, not pixels. A practical path from four fixture layers to full-stage chases — including the console settings and layout math that keep mapping manageable."
haze-vs-fog-vs-low-fog,Haze vs Fog vs Low Fog: Choosing Atmosphere for Beams and Cameras,blog,2026-07-02,assets/img/product-detail/nightclub.webp,Nightclub atmosphere with haze catching angled light beams,"Beams need particles; cameras hate clouds. Which fluid-based effect hangs longest, what venue fire systems tolerate, and the fan placement that keeps haze even without dead spots."
power-distribution-stage-rigs,"Power Distribution for Stage Rigs: Loads, Phases and Inrush Explained",blog,2026-06-18,assets/img/product-detail/pulse-7.webp,Moving head fixture detail for a stage power distribution guide,"Why a rig that draws 80A on paper can trip a 100A breaker at blackout recovery. Balancing phases, respecting inrush, and the distro checklist we run before every load-in."
wireless-dmx-vs-wired,"Wireless DMX vs Wired Runs: Latency, Reliability and When to Trust Each",blog,2026-06-05,assets/img/product-detail/pulse-6.webp,Fixture detail illustrating wireless DMX control,"Modern wireless DMX is better than its reputation — in the right conditions. Latency numbers, antenna placement rules, and the venue types where copper still wins every time."
moving-head-maintenance-schedule,Moving Head Maintenance Schedule: Keep Tour Fixtures Show-Ready,blog,2026-05-22,assets/img/product-detail/pulse-11.webp,Moving head fixture due for scheduled maintenance,"The 50/200/500-hour checklist our own service team uses: cleaning optics, re-tensioning belts, firmware hygiene and the spare parts that pay for themselves the first Saturday night."
