id,name,category_slug,category_label,group,image,description
moka-mini-381-waterproof-moving-beam,Mini 381 waterproof moving beam,waterproof-light,Waterproof Light,Stage Lights,assets/img/light/02.jpg,"IP-rated housings, sealed optics and touring-ready output for outdoor stages."
moka-beam-x300,BEAM X300,beam-light,Beam Light,Stage Lights,assets/img/light/1.jpg,"Tight aerial beams with fast movement, sharp gobos and high-impact stage presence."
moka-aura-b1915,AURA B1915,wash-light,Wash Light,Stage Lights,assets/img/light/100w LED摇头灯 白底图 (1).jpg,"Smooth color mixing and even field coverage for clubs, theaters and event venues."
moka-laser-rgb10,LASER RGB10,laser-light,Laser Light,Stage Lights,assets/img/light/5.jpg,"Precise laser effects for programmed shows, DJ sets and immersive installations."
moka-strobe-3000,STROBE 3000,effect-light,Effect Light,Stage Lights,assets/img/light/1.jpg,"Special effect fixtures that add texture, sparkle and atmosphere to live scenes."
moka-pulse-618-air,PULSE 618 AIR,par-light,Par Light,Stage Lights,assets/img/light/100w LED摇头灯 白底图 (1).jpg,"Compact PAR fixtures for reliable uplighting, truss washes and stage fills."
moka-waterproof-600w-bsw,Waterproof 600W BSW,waterproof-light,Waterproof Light,Stage Lights,assets/img/light/1.jpg,"IP-rated housings, sealed optics and touring-ready output for outdoor stages."
moka-beam-x500,BEAM X500,beam-light,Beam Light,Stage Lights,assets/img/light/100w LED摇头灯 白底图 (1).jpg,"Tight aerial beams with fast movement, sharp gobos and high-impact stage presence."
moka-aura-b740,AURA B740,wash-light,Wash Light,Stage Lights,assets/img/light/5.jpg,"Smooth color mixing and even field coverage for clubs, theaters and event venues."
moka-laser-rgb30-wp,LASER RGB30 WP,laser-light,Laser Light,Stage Lights,assets/img/light/02.jpg,"Precise laser effects for programmed shows, DJ sets and immersive installations."
moka-strobe-3000-rgb,STROBE 3000 RGB,effect-light,Effect Light,Stage Lights,assets/img/light/100w LED摇头灯 白底图 (1).jpg,"Special effect fixtures that add texture, sparkle and atmosphere to live scenes."
moka-pulse-1818-x6,PULSE 1818 X6,par-light,Par Light,Stage Lights,assets/img/light/5.jpg,"Compact PAR fixtures for reliable uplighting, truss washes and stage fills."
moka-380-beam-wash-spot-beam-4in1,380 Beam Wash Spot beam 4in1,waterproof-light,Waterproof Light,Stage Lights,assets/img/light/100w LED摇头灯 白底图 (1).jpg,"IP-rated housings, sealed optics and touring-ready output for outdoor stages."
moka-beam-x295,BEAM X295,beam-light,Beam Light,Stage Lights,assets/img/light/5.jpg,"Tight aerial beams with fast movement, sharp gobos and high-impact stage presence."
moka-aura-z1940,AURA Z1940,wash-light,Wash Light,Stage Lights,assets/img/light/02.jpg,"Smooth color mixing and even field coverage for clubs, theaters and event venues."
moka-laser-rgb60-wp,LASER RGB60 WP,laser-light,Laser Light,Stage Lights,assets/img/light/1.jpg,"Precise laser effects for programmed shows, DJ sets and immersive installations."
moka-strobe-1200-move-wp,STROBE 1200 MOVE WP,effect-light,Effect Light,Stage Lights,assets/img/light/5.jpg,"Special effect fixtures that add texture, sparkle and atmosphere to live scenes."
moka-pulse-1218-wp,PULSE 1218 WP,par-light,Par Light,Stage Lights,assets/img/light/02.jpg,"Compact PAR fixtures for reliable uplighting, truss washes and stage fills."
moka-aura-z1940-wp,AURA Z1940 WP,waterproof-light,Waterproof Light,Stage Lights,assets/img/light/5.jpg,"IP-rated housings, sealed optics and touring-ready output for outdoor stages."
moka-beam-x382,BEAM X382,beam-light,Beam Light,Stage Lights,assets/img/light/02.jpg,"Tight aerial beams with fast movement, sharp gobos and high-impact stage presence."
moka-aura-z3740,AURA Z3740,wash-light,Wash Light,Stage Lights,assets/img/light/1.jpg,"Smooth color mixing and even field coverage for clubs, theaters and event venues."
moka-strobe-3000-rgb-wp,STROBE 3000 RGB WP,effect-light,Effect Light,Stage Lights,assets/img/light/02.jpg,"Special effect fixtures that add texture, sparkle and atmosphere to live scenes."
moka-pulse-1818-wp,PULSE 1818 WP,par-light,Par Light,Stage Lights,assets/img/light/1.jpg,"Compact PAR fixtures for reliable uplighting, truss washes and stage fills."
moka-motion-bar-1818-wp,MOTION BAR 1818 WP,waterproof-light,Waterproof Light,Stage Lights,assets/img/light/02.jpg,"IP-rated housings, sealed optics and touring-ready output for outdoor stages."
moka-fusion-250,FUSION 250,beam-light,Beam Light,Stage Lights,assets/img/light/1.jpg,"Tight aerial beams with fast movement, sharp gobos and high-impact stage presence."
moka-aura-z1915,AURA Z1915,wash-light,Wash Light,Stage Lights,assets/img/light/100w LED摇头灯 白底图 (1).jpg,"Smooth color mixing and even field coverage for clubs, theaters and event venues."
moka-strobe-1080-pixel-wp,STROBE 1080 PIXEL WP,effect-light,Effect Light,Stage Lights,assets/img/light/1.jpg,"Special effect fixtures that add texture, sparkle and atmosphere to live scenes."
moka-pulse-740-wp,PULSE 740 WP,par-light,Par Light,Stage Lights,assets/img/light/100w LED摇头灯 白底图 (1).jpg,"Compact PAR fixtures for reliable uplighting, truss washes and stage fills."
moka-motion-strobe-600-wp,MOTION STROBE 600 WP,waterproof-light,Waterproof Light,Stage Lights,assets/img/light/1.jpg,"IP-rated housings, sealed optics and touring-ready output for outdoor stages."
moka-fusion-380,FUSION 380,beam-light,Beam Light,Stage Lights,assets/img/light/100w LED摇头灯 白底图 (1).jpg,"Tight aerial beams with fast movement, sharp gobos and high-impact stage presence."
moka-aura-z740,AURA Z740,wash-light,Wash Light,Stage Lights,assets/img/light/5.jpg,"Smooth color mixing and even field coverage for clubs, theaters and event venues."
moka-city-3230-wp,CITY 3230 WP,effect-light,Effect Light,Stage Lights,assets/img/light/100w LED摇头灯 白底图 (1).jpg,"Special effect fixtures that add texture, sparkle and atmosphere to live scenes."
moka-blinder-c200-x4,BLINDER C200 X4,par-light,Par Light,Stage Lights,assets/img/light/5.jpg,"Compact PAR fixtures for reliable uplighting, truss washes and stage fills."
moka-city-3230-wp,CITY 3230 WP,waterproof-light,Waterproof Light,Stage Lights,assets/img/light/100w LED摇头灯 白底图 (1).jpg,"IP-rated housings, sealed optics and touring-ready output for outdoor stages."
moka-fusion-400-cmy,FUSION 400 CMY,beam-light,Beam Light,Stage Lights,assets/img/light/5.jpg,"Tight aerial beams with fast movement, sharp gobos and high-impact stage presence."
moka-aura-z1940-wp,AURA Z1940 WP,wash-light,Wash Light,Stage Lights,assets/img/light/02.jpg,"Smooth color mixing and even field coverage for clubs, theaters and event venues."
moka-city-6010-wp,CITY 6010 WP,effect-light,Effect Light,Stage Lights,assets/img/light/5.jpg,"Special effect fixtures that add texture, sparkle and atmosphere to live scenes."
moka-blinder-2100-fx,BLINDER 2100 FX,par-light,Par Light,Stage Lights,assets/img/light/02.jpg,"Compact PAR fixtures for reliable uplighting, truss washes and stage fills."
moka-city-6010-wp,CITY 6010 WP,waterproof-light,Waterproof Light,Stage Lights,assets/img/light/5.jpg,"IP-rated housings, sealed optics and touring-ready output for outdoor stages."
moka-fusion-500-cmy,FUSION 500 CMY,beam-light,Beam Light,Stage Lights,assets/img/light/02.jpg,"Tight aerial beams with fast movement, sharp gobos and high-impact stage presence."
moka-city-8020-wp,CITY 8020 WP,effect-light,Effect Light,Stage Lights,assets/img/light/02.jpg,"Special effect fixtures that add texture, sparkle and atmosphere to live scenes."
moka-blinder-4100-rgb-link,BLINDER 4100 RGB LINK,par-light,Par Light,Stage Lights,assets/img/light/1.jpg,"Compact PAR fixtures for reliable uplighting, truss washes and stage fills."
moka-city-8020-wp,CITY 8020 WP,waterproof-light,Waterproof Light,Stage Lights,assets/img/light/02.jpg,"IP-rated housings, sealed optics and touring-ready output for outdoor stages."
moka-profile-x600,PROFILE X600,beam-light,Beam Light,Stage Lights,assets/img/light/1.jpg,"Tight aerial beams with fast movement, sharp gobos and high-impact stage presence."
moka-motion-bar-1818,MOTION BAR 1818,effect-light,Effect Light,Stage Lights,assets/img/light/1.jpg,"Special effect fixtures that add texture, sparkle and atmosphere to live scenes."
moka-blinder-2100-wp,BLINDER 2100 WP,par-light,Par Light,Stage Lights,assets/img/light/100w LED摇头灯 白底图 (1).jpg,"Compact PAR fixtures for reliable uplighting, truss washes and stage fills."
moka-strobe-1200-move-wp,STROBE 1200 MOVE WP,waterproof-light,Waterproof Light,Stage Lights,assets/img/light/1.jpg,"IP-rated housings, sealed optics and touring-ready output for outdoor stages."
moka-profile-x800,PROFILE X800,beam-light,Beam Light,Stage Lights,assets/img/light/100w LED摇头灯 白底图 (1).jpg,"Tight aerial beams with fast movement, sharp gobos and high-impact stage presence."
moka-motion-bar-1830,MOTION BAR 1830,effect-light,Effect Light,Stage Lights,assets/img/light/100w LED摇头灯 白底图 (1).jpg,"Special effect fixtures that add texture, sparkle and atmosphere to live scenes."
moka-blinder-4100-wp,BLINDER 4100 WP,par-light,Par Light,Stage Lights,assets/img/light/5.jpg,"Compact PAR fixtures for reliable uplighting, truss washes and stage fills."
moka-strobe-3000-rgb-wp,STROBE 3000 RGB WP,waterproof-light,Waterproof Light,Stage Lights,assets/img/light/100w LED摇头灯 白底图 (1).jpg,"IP-rated housings, sealed optics and touring-ready output for outdoor stages."
moka-fusion-380-wp,FUSION 380 WP,beam-light,Beam Light,Stage Lights,assets/img/light/5.jpg,"Tight aerial beams with fast movement, sharp gobos and high-impact stage presence."
moka-motion-pixel-640,MOTION PIXEL 640,effect-light,Effect Light,Stage Lights,assets/img/light/5.jpg,"Special effect fixtures that add texture, sparkle and atmosphere to live scenes."
moka-blinder-2300-wp,BLINDER 2300 WP,par-light,Par Light,Stage Lights,assets/img/light/02.jpg,"Compact PAR fixtures for reliable uplighting, truss washes and stage fills."
moka-strobe-1080-pixel-wp,STROBE 1080 PIXEL WP,waterproof-light,Waterproof Light,Stage Lights,assets/img/light/5.jpg,"IP-rated housings, sealed optics and touring-ready output for outdoor stages."
moka-fusion-600-wp,FUSION 600 WP,beam-light,Beam Light,Stage Lights,assets/img/light/02.jpg,"Tight aerial beams with fast movement, sharp gobos and high-impact stage presence."
moka-motion-pixel-1260,MOTION PIXEL 1260,effect-light,Effect Light,Stage Lights,assets/img/light/02.jpg,"Special effect fixtures that add texture, sparkle and atmosphere to live scenes."
moka-pulse-1218-wp,PULSE 1218 WP,waterproof-light,Waterproof Light,Stage Lights,assets/img/light/02.jpg,"IP-rated housings, sealed optics and touring-ready output for outdoor stages."
moka-fusion-380-wp-pro,FUSION 380 WP Pro,beam-light,Beam Light,Stage Lights,assets/img/light/1.jpg,"Tight aerial beams with fast movement, sharp gobos and high-impact stage presence."
moka-motion-flex-5120,MOTION FLEX 5120,effect-light,Effect Light,Stage Lights,assets/img/light/1.jpg,"Special effect fixtures that add texture, sparkle and atmosphere to live scenes."
moka-pulse-1818-wp,PULSE 1818 WP,waterproof-light,Waterproof Light,Stage Lights,assets/img/light/1.jpg,"IP-rated housings, sealed optics and touring-ready output for outdoor stages."
moka-motion-flex-1240,MOTION FLEX 1240,effect-light,Effect Light,Stage Lights,assets/img/light/100w LED摇头灯 白底图 (1).jpg,"Special effect fixtures that add texture, sparkle and atmosphere to live scenes."
moka-pulse-740-wp,PULSE 740 WP,waterproof-light,Waterproof Light,Stage Lights,assets/img/light/100w LED摇头灯 白底图 (1).jpg,"IP-rated housings, sealed optics and touring-ready output for outdoor stages."
moka-motion-flex-1060,MOTION FLEX 1060,effect-light,Effect Light,Stage Lights,assets/img/light/5.jpg,"Special effect fixtures that add texture, sparkle and atmosphere to live scenes."
moka-blinder-2100-wp,BLINDER 2100 WP,waterproof-light,Waterproof Light,Stage Lights,assets/img/light/5.jpg,"IP-rated housings, sealed optics and touring-ready output for outdoor stages."
moka-motion-bar-1818-wp,MOTION BAR 1818 WP,effect-light,Effect Light,Stage Lights,assets/img/light/02.jpg,"Special effect fixtures that add texture, sparkle and atmosphere to live scenes."
moka-blinder-4100-wp,BLINDER 4100 WP,waterproof-light,Waterproof Light,Stage Lights,assets/img/light/02.jpg,"IP-rated housings, sealed optics and touring-ready output for outdoor stages."
moka-motion-strobe-600-wp,MOTION STROBE 600 WP,effect-light,Effect Light,Stage Lights,assets/img/light/1.jpg,"Special effect fixtures that add texture, sparkle and atmosphere to live scenes."
moka-blinder-2300-wp,BLINDER 2300 WP,waterproof-light,Waterproof Light,Stage Lights,assets/img/light/1.jpg,"IP-rated housings, sealed optics and touring-ready output for outdoor stages."
moka-vintage-6-vertical-3in1,VINTAGE-6 VERTICAL 3IN1,effect-light,Effect Light,Stage Lights,assets/img/light/100w LED摇头灯 白底图 (1).jpg,"Special effect fixtures that add texture, sparkle and atmosphere to live scenes."
moka-vintage-7-round-3in1,VINTAGE-7 ROUND 3IN1,effect-light,Effect Light,Stage Lights,assets/img/light/5.jpg,"Special effect fixtures that add texture, sparkle and atmosphere to live scenes."
moka-mini-vintage-7-round,MINI VINTAGE-7 ROUND,effect-light,Effect Light,Stage Lights,assets/img/light/02.jpg,"Special effect fixtures that add texture, sparkle and atmosphere to live scenes."
moka-36-x15w-matrices,36 x15W matrices,effect-light,Effect Light,Stage Lights,assets/img/light/1.jpg,"Special effect fixtures that add texture, sparkle and atmosphere to live scenes."
moka-led-matrix-blinder-light,LED Matrix Blinder Light,effect-light,Effect Light,Stage Lights,assets/img/light/100w LED摇头灯 白底图 (1).jpg,"Special effect fixtures that add texture, sparkle and atmosphere to live scenes."
